Straßenname / Street name,Anzahl Inserate / Number of listings
Sonnenallee,104
Weserstraße,95
Torstraße,91
Schönhauser Allee,89
Boxhagener Straße,79
Prenzlauer Allee,76
Brunnenstraße,68
Kastanienallee,63
Urbanstraße,62
Hermannstraße,61
Linienstraße,61
Reuterstraße,60
Choriner Straße,58
Danziger Straße,58
Dunckerstraße,57
Oderberger Straße,54
Stargarder Straße,54
Graefestraße,53
Reichenberger Straße,53
Karl-Marx-Straße,52
Kottbusser Damm,52
Lychener Straße,52
Fehrbelliner Straße,51
Erich-Weinert-Straße,49
Emser Straße,46
Friedelstraße,46
Greifswalder Straße,46
Potsdamer Straße,46
Frankfurter Allee,45
Wrangelstraße,45
Manteuffelstraße,44
Skalitzer Straße,44
Donaustraße,43
Oranienstraße,43
Wiener Straße,42
Chausseestraße,40
Schwedter Straße,40
Grünberger Straße,39
Köpenicker Straße,38
Rigaer Straße,38
Warthestraße,38
Weichselstraße,38
Zionskirchstraße,38
Eberswalder Straße,36
Mainzer Straße,36
Rheinsberger Straße,36
Wichertstraße,36
Blücherstraße,35
Kopenhagener Straße,35
Mittenwalder Straße,35
Flughafenstraße,34
Bergmannstraße,33
Hobrechtstraße,33
Kurfürstenstraße,33
Maybachufer,33
Dieffenbachstraße,31
Pannierstraße,31
Pappelallee,31
Stralauer Allee,31
Winsstraße,31
Gleimstraße,30
Hasenheide,30
Leipziger Straße,30
Straßmannstraße,30
Weisestraße,30
Böckhstraße,29
Kopernikusstraße,29
Niederbarnimstraße,29
Schliemannstraße,29
Wühlischstraße,29
Boddinstraße,28
Bornholmer Straße,28
Chodowieckistraße,28
Gneisenaustraße,28
Karl-Kunger-Straße,28
Knaackstraße,28
Rostocker Straße,28
Sanderstraße,28
Schillerpromenade,28
Simon-Dach-Straße,28
Ackerstraße,27
Kienitzer Straße,27
Marienburger Straße,27
Okerstraße,27
Paul-Robeson-Straße,27
Pflügerstraße,27
Seestraße,26
Warschauer Straße,26
Dresdener Straße,25
Eisenbahnstraße,25
Fuldastraße,25
Kollwitzstraße,25
Korsörer Straße,25
Lausitzer Straße,25
Auguststraße,24
Christburger Straße,24
Falckensteinstraße,24
Gubener Straße,24
Schreinerstraße,24
Selchower Straße,24
Karl-Marx-Allee,23
Krossener Straße,23
Paul-Lincke-Ufer,23
Yorckstraße,23
Alte Schönhauser Straße,22
Anklamer Straße,22
Birkenstraße,22
Leinestraße,22
Muskauer Straße,22
Petersburger Straße,22
Waldemarstraße,22
Bänschstraße,21
Eisenacher Straße,21
Herrfurthstraße,21
Koloniestraße,21
Nogatstraße,21
Obentrautstraße,21
Winterfeldtstraße,21
Altenbraker Straße,20
Braunschweiger Straße,20
Driesener Straße,20
Gaudystraße,20
Greifenhagener Straße,20
Hauptstraße,20
Liselotte-Herrmann-Straße,20
Oppelner Straße,20
Scharnweberstraße,20
Schönleinstraße,20
Sredzkistraße,20
Veteranenstraße,20
Wörther Straße,20
Friedrichstraße,19
Gartenstraße,19
Görlitzer Straße,19
Lichtenrader Straße,19
Rochstraße,19
Rykestraße,19
Silbersteinstraße,19
Wilhelmstraße,19
Allerstraße,18
Charlottenstraße,18
Ebertystraße,18
Elsenstraße,18
Finowstraße,18
Gabriel-Max-Straße,18
Großbeerenstraße,18
Holzmarktstraße,18
Hufelandstraße,18
Immanuelkirchstraße,18
Invalidenstraße,18
Käthe-Niederkirchner-Straße,18
Kiehlufer,18
Landsberger Allee,18
Leberstraße,18
Mariannenplatz,18
Naunynstraße,18
Schlesische Straße,18
Soldiner Straße,18
Uhlandstraße,18
Almstadtstraße,17
Cuvrystraße,17
Dirschauer Straße,17
Kantstraße,17
Mehringdamm,17
Metzer Straße,17
Proskauer Straße,17
Richard-Sorge-Straße,17
Rodenbergstraße,17
Seumestraße,17
Wisbyer Straße,17
Alt-Moabit,16
Berliner Straße,16
Detmolder Straße,16
Ebersstraße,16
Fidicinstraße,16
Heinrich-Heine-Straße,16
Neue Bahnhofstraße,16
Rathenower Straße,16
Raumerstraße,16
Reinickendorfer Straße,16
Rhinower Straße,16
Richardstraße,16
Samariterstraße,16
Schivelbeiner Straße,16
Sonnenburger Straße,16
Straßburger Straße,16
Swinemünder Straße,16
Bürknerstraße,15
Forster Straße,15
Gärtnerstraße,15
Genter Straße,15
Gerichtstraße,15
Grüntaler Straße,15
Kaiser-Friedrich-Straße,15
Klopstockstraße,15
Kurfürstendamm,15
Lottumstraße,15
Mariannenstraße,15
Möckernstraße,15
Schudomastraße,15
Senefelderstraße,15
Solmsstraße,15
Wildenbruchstraße,15
Wissmannstraße,15
Adalbertstraße,14
Heckmannufer,14
Helsingforser Straße,14
Kiefholzstraße,14
Kochhannstraße,14
Kreuzbergstraße,14
Malmöer Straße,14
Manitiusstraße,14
Martin-Luther-Straße,14
Nollendorfstraße,14
Ansbacher Straße,13
Corinthstraße,13
Emdener Straße,13
Fontanestraße,13
Fürbringerstraße,13
Gitschiner Straße,13
Glogauer Straße,13
Gotenstraße,13
Grimmstraße,13
Hagenauer Straße,13
Lenbachstraße,13
Liegnitzer Straße,13
Mühsamstraße,13
Pasteurstraße,13
Paulstraße,13
Pestalozzistraße,13
Ritterstraße,13
Schlegelstraße,13
Schönfließer Straße,13
Strelitzer Straße,13
Waldstraße,13
Weinbergsweg,13
Zossener Straße,13
Bergstraße,12
Binzstraße,12
Dolziger Straße,12
Erkstraße,12
Heidelberger Straße,12
Heinrich-Roller-Straße,12
Jessnerstraße,12
Lehrter Straße,12
Liberdastraße,12
Lietzenburger Straße,12
Lindenstraße,12
Marchlewskistraße,12
Müggelstraße,12
Oderstraße,12
Ohlauer Straße,12
Prinzenallee,12
Rosa-Luxemburg-Straße,12
Siegfriedstraße,12
Sprengelstraße,12
Baerwaldstraße,11
Christinenstraße,11
Eylauer Straße,11
Fichtestraße,11
Friedenstraße,11
Hertzbergstraße,11
Inselstraße,11
Jahnstraße,11
Katzlerstraße,11
Koppenstraße,11
Malplaquetstraße,11
Max-Beer-Straße,11
Monumentenstraße,11
Müllerstraße,11
Osloer Straße,11
Perleberger Straße,11
Roseggerstraße,11
Ruppiner Straße,11
Schönholzer Straße,11
Stephanstraße,11
Willibald-Alexis-Straße,11
Zehdenicker Straße,11
Arndtstraße,10
Beusselstraße,10
Dircksenstraße,10
Ebelingstraße,10
Elbestraße,10
Erkelenzdamm,10
Exerzierstraße,10
Gormannstraße,10
Grellstraße,10
Gürtelstraße,10
Holsteinische Straße,10
Jablonskistraße,10
Jagowstraße,10
Keithstraße,10
Kirchhofstraße,10
Körtestraße,10
Lausitzer Platz,10
Liebenwalder Straße,10
Lübecker Straße,10
Mommsenstraße,10
Motzstraße,10
Naugarder Straße,10
Neue Grünstraße,10
Novalisstraße,10
Nürnberger Straße,10
Ossastraße,10
Pintschstraße,10
Planufer,10
Prenzlauer Promenade,10
Rheinstraße,10
Schinkestraße,10
Seydelstraße,10
Sorauer Straße,10
Strausberger Platz,10
Stubbenkammerstraße,10
Treptower Straße,10
Triftstraße,10
Weigandufer,10
Wiclefstraße,10
Wilmersdorfer Straße,10
Wöhlertstraße,10
Admiralstraße,9
Alexandrinenstraße,9
Amsterdamer Straße,9
Andreasstraße,9
Bastianstraße,9
Belforter Straße,9
Biebricher Straße,9
Böhmische Straße,9
Borsigstraße,9
Bötzowstraße,9
Bundesallee,9
Cantianstraße,9
Damaschkestraße,9
Dominicusstraße,9
Dudenstraße,9
Eislebener Straße,9
Engeldamm,9
Esmarchstraße,9
Feurigstraße,9
Goethestraße,9
Goltzstraße,9
Grunewaldstraße,9
Gryphiusstraße,9
Gustav-Müller-Straße,9
Husemannstraße,9
Jonasstraße,9
Kaulsdorfer Straße,9
Kuglerstraße,9
Lehmbruckstraße,9
Lenaustraße,9
Lübbener Straße,9
Mahlower Straße,9
Milastraße,9
Mulackstraße,9
Oldenburger Straße,9
Otto-Suhr-Allee,9
Pettenkoferstraße,9
Pohlstraße,9
Pücklerstraße,9
Ratiborstraße,9
Reinhardtstraße,9
Saarbrücker Straße,9
Schillerstraße,9
Stuttgarter Straße,9
Tellstraße,9
Thulestraße,9
Turmstraße,9
Ystader Straße,9
Am Friedrichshain,8
Anzengruberstraße,8
Bouchestraße,8
Bürgerstraße,8
Burgsdorfstraße,8
Claudiusstraße,8
Courbierestraße,8
Eulerstraße,8
Fischerinsel,8
Frankfurter Tor,8
Friedrich-Wilhelm-Straße,8
Göhrener Straße,8
Großgörschenstraße,8
Hannah-Arendt-Straße,8
Heimstraße,8
Hornstraße,8
Kalckreuthstraße,8
Katzbachstraße,8
Krausnickstraße,8
Leibnizstraße,8
Leykestraße,8
Mareschstraße,8
Müllenhoffstraße,8
Neue Schönhauser Straße,8
Nostitzstraße,8
Oudenarder Straße,8
Revaler Straße,8
Riemannstraße,8
Rosenthaler Straße,8
Schloßstraße,8
Schöneberger Straße,8
Schröderstraße,8
Spenerstraße,8
Stettiner Straße,8
Tempelhofer Ufer,8
Albrechtstraße,7
Badensche Straße,7
Badstraße,7
Barfusstraße,7
Beermannstraße,7
Bellermannstraße,7
Belziger Straße,7
Bismarckstraße,7
Bleibtreustraße,7
Boppstraße,7
Bürgerheimstraße,7
Charlottenburger Straße,7
Dahlmannstraße,7
Danckelmannstraße,7
Düsseldorfer Straße,7
Eichendorffstraße,7
Emanuelstraße,7
Friedbergstraße,7
Friesenstraße,7
Geygerstraße,7
Gipsstraße,7
Grainauer Straße,7
Granseer Straße,7
Grolmanstraße,7
Gropiusstraße,7
Helmholtzstraße,7
Isländische Straße,7
John-Schehr-Straße,7
Juliusstraße,7
Kleiststraße,7
Kniprodestraße,7
Krausenstraße,7
Liebigstraße,7
Luckauer Straße,7
Luisenstraße,7
Luitpoldstraße,7
Marienstraße,7
Neue Hochstraße,7
Niebuhrstraße,7
Niemetzstraße,7
Olivaer Platz,7
Otto-Braun-Straße,7
Ramlerstraße,7
Rudolf-Reusch-Straße,7
Schlüterstraße,7
Schulstraße,7
Schwartzkopffstraße,7
Sickingenstraße,7
Sonntagstraße,7
Sophie-Charlotten-Straße,7
Steinstraße,7
Straße der Pariser Kommune,7
Stuttgarter Platz,7
Sybelstraße,7
Tieckstraße,7
Turiner Straße,7
Ueckermünder Straße,7
Weinmeisterstraße,7
Wilhelmshavener Straße,7
Wolliner Straße,7
Zietenstraße,7
Zwiestädter Straße,7
Ahlbecker Straße,6
Altonaer Straße,6
Bartningallee,6
Baseler Straße,6
Bautzener Straße,6
Bayernring,6
Bernauer Straße,6
Bernhard-Lichtenberg-Straße,6
Bödikerstraße,6
Bossestraße,6
Brückenstraße,6
Buttmannstraße,6
Core Tex Records,6
Droysenstraße,6
Eisenzahnstraße,6
Elberfelder Straße,6
Eldenaer Straße,6
Fehmarner Straße,6
Gatower Straße,6
Gethsemanestraße,6
Glasgower Straße,6
Glasower Straße,6
Gneiststraße,6
Griebenowstraße,6
Hedemannstraße,6
Herrfurthplatz,6
Hildegard-Jadamowitz-Straße,6
Hochstraße,6
Hohenstaufenstraße,6
Hohenzollerndamm,6
Holländerstraße,6
Innstraße,6
Joachim-Friedrich-Straße,6
Joachimstraße,6
Kamminer Straße,6
Kirchstraße,6
Kolonnenstraße,6
Kopfstraße,6
Kottbusser Straße,6
Lahnstraße,6
Laubestraße,6
Lüderitzstraße,6
Maximilianstraße,6
Melchiorstraße,6
Murellenweg,6
Naumannstraße,6
Neckarstraße,6
Olbersstraße,6
Oranienburger Straße,6
Pankstraße,6
Parkstraße,6
Paul-Heyse-Straße,6
Pfalzburger Straße,6
Prinzregentenstraße,6
Raabestraße,6
Riehlstraße,6
Ringbahnstraße,6
Rosenheimer Straße,6
Rubensstraße,6
Rungestraße,6
Schonensche Straße,6
Spandauer Damm,6
Stahlheimer Straße,6
Taborstraße,6
Tegeler Straße,6
Thomasstraße,6
Togostraße,6
Torfstraße,6
Transvaalstraße,6
Weidenweg,6
Weimarische Straße,6
Werner-Voß-Damm,6
Wiesenstraße,6
Wilhelm-Stolze-Straße,6
Wolgaster Straße,6
Alt-Stralau,5
Alte Jakobstraße,5
An der Kolonnade,5
Antwerpener Straße,5
Arkonaplatz,5
Barbarossastraße,5
Bayerische Straße,5
Berliner Allee,5
Bernburger Straße,5
Bornsdorfer Straße,5
Bornstraße,5
Bülowstraße,5
Cauerstraße,5
Einemstraße,5
Elßholzstraße,5
Feilnerstraße,5
Florastraße,5
Fontanepromenade,5
Fraenkelufer,5
Franklinstraße,5
Fregestraße,5
Graunstraße,5
Habersaathstraße,5
Hagelberger Straße,5
Hallandstraße,5
Hannoversche Straße,5
Hochkirchstraße,5
Hohenfriedbergstraße,5
Holsteiner Ufer,5
Imkerweg,5
Isarstraße,5
Jungstraße,5
Kadiner Straße,5
Knesebeckstraße,5
Knobelsdorffstraße,5
Koburger Straße,5
Kochstraße,5
Kreutzigerstraße,5
Kyffhäuserstraße,5
Laubacher Straße,5
Lehderstraße,5
Lettestraße,5
Leuschnerdamm,5
Libauer Straße,5
Löwestraße,5
Mansteinstraße,5
Modersohnstraße,5
Mollstraße,5
Münchener Straße,5
Nansenstraße,5
Nehringstraße,5
Neue Promenade,5
Ostender Straße,5
Planckstraße,5
Prinzessinnenstraße,5
Puderstraße,5
Rathausstraße,5
Rückerstraße,5
Scharnhorststraße,5
Schleiermacherstraße,5
Schumannstraße,5
Silvio-Meier-Straße,5
Spandauer Straße,5
Thaerstraße,5
Türrschmidtstraße,5
Unter den Linden,5
Welserstraße,5
Werrastraße,5
Wielandstraße,5
Wilhelmsaue,5
Willmanndamm,5
Wittstocker Straße,5
Wolfshagener Straße,5
Wollankstraße,5
Adlergestell,4
Alexanderstraße,4
Am Treptower Park,4
Arendsweg,4
Auerstraße,4
Babelsberger Straße,4
Baruther Straße,4
Behaimstraße,4
Bernhard-Weiß-Straße,4
Biesentaler Straße,4
Bizetstraße,4
Blissestraße,4
Bonhoefferufer,4
Borussiastraße,4
Boyenstraße,4
Bredowstraße,4
Brentanostraße,4
Brusendorfer Straße,4
Canovastraße,4
Conrad-Blenkle-Straße,4
Cotheniusstraße,4
Crellestraße,4
Derfflingerstraße,4
Dovestraße,4
Drontheimer Straße,4
Eintrachtstraße,4
Elisenhof,4
Erasmusstraße,4
Erdmannstraße,4
Ernst-Fürstenberg-Straße,4
Franz-Mehring-Platz,4
Fredericiastraße,4
Friedrich-Junge-Straße,4
Friedrichsberger Straße,4
Friedrichsgracht,4
Friedrichsruher Straße,4
Frobenstraße,4
Giselastraße,4
Glatzer Straße,4
Grunowstraße,4
Habsburgerstraße,4
Hafenplatz,4
Hanns-Eisler-Straße,4
Hans-Otto-Straße,4
Harzer Straße,4
Haubachstraße,4
Heidenfeldstraße,4
Heilbronner Straße,4
Heinersdorfer Straße,4
Heinrich-Heine-Platz,4
Herderstraße,4
Hermannplatz,4
Herrnhuter Weg,4
Herthastraße,4
Hubertusallee,4
Huttenstraße,4
Jenaer Straße,4
Jülicher Straße,4
Kameruner Straße,4
Karl-Liebknecht-Straße,4
Katharinenstraße,4
Kiautschoustraße,4
Knorrpromenade,4
Körnerstraße,4
Köthener Straße,4
Krüllsstraße,4
Krumme Straße,4
Kruppstraße,4
Leopoldstraße,4
Liesenstraße,4
Lobeckstraße,4
Lohmeyerstraße,4
Lückstraße,4
Lützowstraße,4
Marie-Curie-Allee,4
Marienfelder Chaussee,4
Markgrafenstraße,4
Martin-Opitz-Straße,4
Matternstraße,4
Merseburger Straße,4
Mindener Straße,4
Monbijouplatz,4
Mühlenstraße,4
Nazarethkirchstraße,4
Neues Ufer,4
Nollendorfplatz,4
Nordhauser Straße,4
Osnabrücker Straße,4
Pallasstraße,4
Paretzer Straße,4
Paulsborner Straße,4
Petersburger Platz,4
Pfarrstraße,4
Pfuelstraße,4
Pistoriusstraße,4
Plantagenstraße,4
Plesser Straße,4
Popitzweg,4
Prenzlauer Avenue,4
Prinz-Eugen-Straße,4
Putlitzstraße,4
Quitzowstraße,4
Rankestraße,4
Ritterlandweg,4
Rudi-Dutschke-Straße,4
Saarstraße,4
Scheffelstraße,4
Scherenbergstraße,4
Schönwalder Straße,4
Schulzestraße,4
Schwiebusser Straße,4
Segitzdamm,4
Siemensstraße,4
Simplonstraße,4
Singerstraße,4
Sophienstraße,4
Spichernstraße,4
Steinmetzstraße,4
Storkower Straße,4
Tauroggener Straße,4
Thomasiusstraße,4
Tucholskystraße,4
Uthmannstraße,4
Utrechter Straße,4
Voigtstraße,4
Wallstraße,4
Wartburgstraße,4
Wartenburgstraße,4
Wedekindstraße,4
Windscheidstraße,4
Wipperstraße,4
Wönnichstraße,4
Wriezener Straße,4
Wundtstraße,4
Zelterstraße,4
Zimmerstraße,4
Zinzendorfstraße,4
Afrikanische Straße,3
Ahrweilerstraße,3
Akazienstraße,3
Alexanderplatz,3
Alfredstraße,3
Alt-Friedrichsfelde,3
Alte Brauerei,3
Alte Dorfstraße,3
Altenescher Weg,3
Am Grünen Anger,3
Am Krusenick,3
Am Volkspark,3
Axel-Springer-Straße,3
Bahnhof Straße,3
Bamberger Straße,3
Behmstraße,3
Bennigsenstraße,3
Berlichingenstraße,3
Beuthstraße,3
Bevernstraße,3
Bieselheider Weg,3
Bismarckplatz,3
Bissingzeile,3
Böcklinstraße,3
Bosestraße,3
Brandenburgische Straße,3
Brennerstraße,3
Brodauer Straße,3
Brüderstraße,3
Brüsseler Straße,3
Buchholzer Straße,3
Bundesratufer,3
Calvinstraße,3
Carmerstraße,3
Caseler Straße,3
Ceciliengärten,3
Cheruskerstraße,3
Colbestraße,3
Cranachstraße,3
Cuxhavener Straße,3
Czarnikauer Straße,3
Dänenstraße,3
Danneckerstraße,3
Dortmunder Straße,3
Eberhard-Roters-Platz,3
Ederstraße,3
Eitelstraße,3
Elisabethkirchstraße,3
Elsa-Brändström-Straße,3
Englische Straße,3
Eugen-Schönhaar-Straße,3
Forststraße,3
Freienwalder Straße,3
Fuggerstraße,3
Geschwister-Scholl-Straße,3
Glanzstraße,3
Gleditschstraße,3
Gontermannstraße,3
Graudenzer Straße,3
Grazer Damm,3
Große Hamburger Straße,3
Hagenstraße,3
Hansa-Ufer,3
Hausburgstraße,3
Helmstedter Straße,3
Helmstraße,3
Hiddenseer Straße,3
Hindenburgdamm,3
Hirtenstraße,3
Höchste Straße,3
Hoeppnerstraße,3
Ilsestraße,3
Im Kieferngrund,3
Innsbrucker Straße,3
Jägerstraße,3
Jänickestraße,3
Jansastraße,3
Johannisstraße,3
Kaiserdamm,3
Kanzowstraße,3
Karl-Marx-Platz,3
Karl-Schrader-Straße,3
Karlsgartenstraße,3
Karower Straße,3
Kastanien Avenue,3
Kohlfurter Straße,3
Landhausstraße,3
Legiendamm,3
Lessing Straße,3
Leuthener Straße,3
Lortzingstraße,3
Lützowufer,3
Luxemburger Straße,3
Lynarstraße,3
Marzahner Promenade,3
Matkowskystraße,3
Maxstraße,3
Mehringplatz,3
Memhardstraße,3
Methfesselstraße,3
Meyerbeerstraße,3
Meyerheimstraße,3
Michaelkirchplatz,3
Mittelbruchzeile,3
Möllendorffstraße,3
Mörchinger Straße,3
Mülhauser Straße,3
Münzstraße,3
Neuenburger Straße,3
Nordbahnstraße,3
Normannenstraße,3
Odenwaldstraße,3
Ohmstraße,3
Otto-Wels-Ring,3
Palisadenstraße,3
Pariser Straße,3
Paul-Grasse-Straße,3
Pflugstraße,3
Raschdorffstraße,3
Reichsstraße,3
Rochowstraße,3
Roscherstraße,3
Rosenfelder Ring,3
Rotherstraße,3
Schieritzstraße,3
Schierker Straße,3
Schönleinstraße / Boppstraße,3
Schulenburgring,3
Sewanstraße,3
Sigmaringer Straße,3
Spittastraße,3
Stockholmer Straße,3
Streustraße,3
Sültstraße,3
Taylorstraße,3
Thurneysserstraße,3
Tichauer Straße,3
Tile-Wardenberg-Straße,3
Truseweg,3
Uferstraße,3
Waitzstraße,3
Waldenserstraße,3
Waldowstraße,3
Weichselplatz,3
Werderstraße,3
Werftstraße,3
Wetterseestraße,3
Wilhelminenhofstraße,3
Wilhelmshöher Straße,3
Wilsnacker Straße,3
Wolfswerder,3
Zellestraße,3
Zeughofstraße,3
Ahornweg,2
Alt-Buch,2
Alt-Lichtenrade,2
Altenhofer Straße,2
Altglienicker Grund,2
Am Alten Weinberg,2
Am Karlsbad,2
Am Lokdepot,2
Am Mühlenberg 18a,2
Amrumer Straße,2
An der Spandauer Brücke,2
Angermünder Straße,2
Anton-Saefkow-Straße,2
Antonienstraße,2
Apostel-Paulus-Straße,2
Archenholdstraße,2
Archibaldweg,2
Aronsstraße,2
Aroser Allee,2
Attilastraße,2
Augsburger Straße,2
Barnimstraße,2
Barstraße,2
Baumschulenstraße,2
Bayernallee,2
Beckerstraße,2
Bergfriedstraße,2
Bersarinplatz,2
Berthelsdorfer Straße,2
Bethaniendamm,2
Birkbuschstraße,2
Bitterfelder Weg,2
Blankestraße,2
Boelckestraße,2
Bölschestraße,2
Borkumstraße,2
Bornimer Straße,2
Borstellstraße,2
Bozener Straße,2
Brachvogelstraße,2
Brandenburger Straße,2
Brehmestraße,2
Breite Straße,2
Bremer Straße,2
Briesestraße,2
Britzer Damm,2
Brodersenstraße,2
Bruchsaler Straße,2
Buchstraße,2
Budapester Straße,2
Bundesplatz,2
Burgemeisterstraße,2
Chamissoplatz,2
Coppistraße,2
Deidesheimer Straße,2
Diedenhofer Straße,2
Dietrich-Bonhoeffer-Straße,2
Dossestraße,2
Durlacher Straße,2
Eginhardstraße,2
Eitel-Fritz-Straße,2
Erfurter Straße,2
Erich-Boltze-Straße,2
Erich-Müller-Straße,2
Erlanger Straße,2
Ettaler Straße,2
Fasanenstraße,2
Feldtmannstraße,2
Feuerbachstraße,2
Finnländische Straße,2
Flatowallee,2
Flensburger Straße,2
Flottwellstraße,2
Földerichplatz,2
Frankenstraße,2
Franz-Jacob-Straße,2
Freiligrathstraße,2
Freisinger Straße,2
Frieda Straße,2
Friedrich-Engels-Straße,2
Fritschestraße,2
Fritz-Reuter-Allee,2
Fritz-ReuterStraße,2
Gabelweihstraße,2
Gäßnerweg,2
Gehsener Straße,2
Geiselbergstraße,2
Georg-Löwenstein-Straße,2
Germaniastraße,2
Giesestraße,2
Glaßbrennerstraße,2
Gleyeweg,2
Goeben Straße,2
Gottschalkstraße,2
Gotzkowsky Straße,2
Graefekiez / Südstern,2
Graf-Haeseler-Straße,2
Groninger Straße,2
Grüner Weg,2
Gubitzstraße,2
Gudvanger Straße,2
Guineastraße,2
Güntzelstraße,2
Gustav-Freytag-Straße,2
Haberlandstraße,2
Halenseestraße,2
Hegelallee,2
Heinrich-von-Kleist-Straße,2
Heinz-Bartsch-Straße,2
Heinz-Galinski-Straße,2
Herbert-Baum-Straße,2
Hildegardstraße,2
Hobeckweg,2
Holbeinstraße,2
Holteistraße,2
Holtzendorffstraße,2
Hussitenstraße,2
Hüttenroder Weg,2
Ifflandstraße,2
Ihnestraße,2
Ilsenhof,2
Irenenstraße,2
Jacob-Burckhardt-Straße,2
Johannisberger Straße,2
Johannisthaler Chaussee,2
Johanniterstraße,2
John-F-Kennedy-Platz,2
Kanner Straße,2
Kärntener Straße,2
Kaskelstraße,2
Kattegatstraße,2
Kattowitzer Straße,2
Kelheimer Straße,2
Kienhorststraße,2
Kirchbachstraße,2
Kleine Alexanderstraße,2
Klothildestraße,2
Kniephofstraße,2
Kolberger Straße,2
Kollwitzplatz,2
Königin-Luise-Straße,2
Kopischstraße,2
Koppenplatz,2
Kottbusser Tor,2
Kranold Straße,2
Krefelder Straße,2
Kremmener Straße,2
Kreuzberg,2
Kreuznacher Straße,2
Kreuzstraße,2
Kulmbacher Straße,2
Kulmer Straße,2
Kurfuersten Straße,2
Landshuter Straße,2
Langhansstraße,2
Lasdehner Straße,2
Leonhardtstraße,2
Lepsiusstraße,2
Lichtenberger Straße,2
Limburger Straße,2
Lindenallee,2
Lindenthaler Allee,2
Lohmühlenstraße,2
Ludwigkirchstraße,2
Lüneburger Straße,2
Lütticher Straße,2
Maaßenstraße,2
Manfred-von-Richthofen-Straße,2
Mariendorfer Damm,2
Markgrafendamm,2
Mauschbacher Steig,2
Max-Lingner-Straße,2
Max-Steinke-Straße,2
Meininger Straße,2
Mendelssohnstraße,2
Mendelstraße,2
Metastraße,2
Michaelkirchstraße,2
Mittelstraße,2
Mollstraße 3a,2
Mollwitzstraße,2
Moritzplatz,2
Münchowstraße,2
Münsterlandstraße,2
Nassauische Straße,2
Nestorstraße,2
Neubrücker Straße,2
Neue Jüdenstraße,2
Neue Kantstraße,2
Neue Schönholzer Straße,2
Neuköllner Straße,2
Nöldnerstraße,2
Nordkapstraße,2
Ostseestraße,2
Otawistraße,2
Peter-Vischer-Straße,2
Philippistraße,2
Philippstraße,2
Pichelsdorfer Straße,2
Potsdamer Platz,2
Prager Platz,2
Prenzlauer Berg,2
Prinzenstraße,2
Propststraße,2
Putbusser Straße,2
Rahnsdorfer Straße,2
Ravenestraße,2
Regensburger Straße,2
Reginhard Straße,2
Rembrandtstraße,2
Residenzstraße,2
Reuterplatz,2
Rhinstraße,2
Rüdersdorfer Straße,2
Rudolf-Breitscheid-Straße,2
Rudolf-Schwarz-Straße,2
Rudower Straße,2
Ruhlsdorfer Straße,2
Sächsische Straße,2
Schackelsterstraße,2
Schandauer Straße,2
Schererstraße,2
Schillingstraße,2
Schmöckwitzer Damm,2
Schnellerstraße,2
Schönhauser Straße,2
Schustehrusstraße,2
Schwäbische Straße,2
Schwalbenstraße,2
Schwarzastraße,2
Schwedenstraße,2
Schweidnitzer Straße,2
Sebastian Straße,2
Seelower Straße,2
Selkestraße,2
Siegmunds Hof,2
Solinger Straße,2
Soorstraße,2
Sparrstraße,2
Spiekermannstraße,2
Sponholzstraße,2
Spremberger Straße,2
Stallschreiberstraße,2
Stavanger Straße,2
Steegerstraße,2
Sternstraße,2
Stolbergstraße,2
Stralauer Platz,2
Straße,2
Strausberger Straße,2
Stülerstraße,2
Suarezstraße,2
Südstern,2
Südwestkorso,2
Teltower Damm,2
Tempelhofer Damm,2
Templiner Straße,2
Thiemannstraße,2
Tollerstraße,2
Torellstraße,2
Traunsteiner Straße,2
Trelleborger Straße,2
Treuchtlinger Straße,2
Tuchmacherweg,2
Tunnel Straße,2
Türkenstraße,2
Varnhagen Straße,2
Varziner Straße,2
Verdener Gasse,2
Vinetastraße,2
Voßstraße,2
Walderseestraße,2
Walliser Straße,2
Wattstraße,2
Weddingstraße,2
Wegener Straße,2
Weißenseer Weg,2
Weitlingstraße,2
Welfenallee,2
Werkstättenweg,2
Westarpstraße,2
Wiesenerstraße,2
Wildenbruchplatz,2
Wilhelm-Busch-Straße,2
Wilhelmsruher Damm,2
Willdenowstraße,2
Wittenbergplatz,2
Woerther Straße,2
Wotanstraße,2
Württembergische Straße,2
Xantener Straße,2
Zähringerstraße,2
Zillestraße,2
Zobeltitzstraße,2
Zwinglistraße,2
Альтонаер штрассе,2
A Barbarossastraße,1
A Charlottenbrunner Straße,1
A Knaack Straße,1
A Kurfürstendamm,1
Aalesunder Straße,1
Abkürzung Kochstraße/Zimmerstraße,1
Achtermannstraße,1
Adolfstraße,1
Agnes-Wabnitz-Straße,1
Agricolastraße,1
Ahorn Straße,1
Alarichstraße,1
Albertstraße,1
Alice-und-Hella-Hirsch-Ring,1
Alsenstraße,1
Alt Nowawes,1
Alt-Britz,1
Alt-Lietzow,1
Alt-Pichelsdorf,1
Alt-Reinickendorf,1
Alt-Stralau 9a,1
Alt-Tempelhof,1
Altenberger Weg,1
Altensteinstraße,1
Am Alten Hafen,1
Am Anger,1
Am Berghang,1
Am Berlin Museum,1
Am Comeniusplatz,1
Am Falkplatz,1
Am Gehölz,1
Am Großen Zug,1
Am Iderfenngraben,1
Am Kienpfuhl,1
Am Kleinen Wentorf,1
Am Lankensee,1
Am Lindenplatz,1
Am Löwentor,1
Am Moor,1
Am Postbahnhof,1
Am Postfenn,1
Am Reiherbusch,1
Am Rollberg,1
Am Rudolfplatz,1
Am Rupenhorn,1
Am Schiaßer See,1
Am Schlachtensee,1
Am Schweizer Garten,1
Am Seddinsee,1
Am Tierpark,1
Am Wald,1
Am Waldrand,1
Am Weidenbruch,1
An den Fuchsbergen,1
An der Apostelkirche,1
An der Havelspitze 3 Berlin,1
An der Himmelswiese,1
An der Kappe,1
An der Wuhle,1
Andernacher Straße,1
Andersenstraße,1
Anna-Louisa-Karsch-Straße,1
Anna-Seghers-Straße,1
Anton-Saefkow-Platz,1
Aristotelessteig,1
Atzpodienstraße,1
Auguste-Viktoria-Allee,1
B Blücherstraße,1
Bachstraße,1
Backnanger Straße,1
Badener Ring,1
Badstraße 33a,1
Baensch Straße,1
Bäkestraße,1
Bandelstraße,1
Bäumerplan,1
Baumschulenstraße 93 a+b,1
Bayrische Straße,1
Beethovenstraße,1
Bentschener Weg,1
Bergener Straße,1
Berlepschstraße,1
Berlin Bornholmer Straße,1
Berliner Chaussee,1
Bernauer Straße 8d,1
Bernhard-Bästlein-Straße,1
Bernstorffstraße,1
Bertha-von-Suttner-Straße,1
Bertramstraße,1
Beyerstraße,1
Beymestraße,1
Birkenallee,1
Birkenwerder Straße,1
Bischweilerstraße,1
Blankenfelder Straße,1
Bleckmannweg,1
Bluecher Straße,1
Bochumer Straße,1
Boehmische Straße,1
Bogotastraße,1
Böhlener Straße,1
Bootsbauerstraße,1
Bornemannstraße,1
Börnestraße,1
Bornsdorfer Strase,1
Bornstedter Straße,1
Borodinstraße,1
Böttgerstraße,1
Brabanter Straße,1
Braillestraße,1
Brauhausstraße,1
Brauhofstraße,1
Braunlager Straße,1
Bredtschneiderstraße,1
Brienzer Straße,1
Bruchweg,1
Brunhildstraße,1
Bruno-Bauer-Straße,1
Buchwaldzeile,1
Buckower Damm,1
Buddestraße,1
Buelow Straße,1
Bundes Avenue,1
Buschallee,1
Büschingstraße,1
Buttenstedtweg,1
Cambridger Straße,1
Caroline-Michaelis-Straße,1
Caspar-Theyß-Straße,1
Charlotte-Salomon-Hain,1
Christstraße,1
Chrysanthemenstraße,1
Claire-Waldoff-Promenade,1
Claire-Waldoff-Straße,1
Clayallee,1
Cottastraße,1
Cottastraße 2a,1
Cottbuser Ring,1
Cunostraße,1
Czeminskistraße,1
Dahlemer Weg,1
Dalandweg,1
Damerowstraße,1
Damsmühler Weg,1
Daniel-Schönemann-Straße,1
Dardanellenweg,1
Davoser Straße,1
Defreggerstraße,1
Delbrückstraße,1
Dernburgstraße,1
Dessauer Straße,1
Dickhardtstraße,1
Dolgensee Straße,1
Dolomitenstraße,1
Donaustraße 105 Neukölln,1
Donizettistraße,1
Dorotheenstraße,1
Dreilindenstraße,1
Dreysestraße,1
Drorystraße,1
Duisburger Straße,1
Düppelstraße,1
Dyrotzer Weg,1
Eberhardstraße,1
Edisonstraße,1
Egmontstraße,1
Ehm-Welk-Straße,1
Eichbuschallee,1
Eicher Weg,1
Eichkampstraße,1
Einbecker Straße,1
Einsteinufer,1
Eisfalterweg,1
Eiswerderufer,1
Elbingeroder Weg,1
Elchdamm 67a,1
Elgersburger Straße,1
Else Lasker Schüler Straße,1
Emmentaler Straße,1
Enkenbacher Weg,1
Eosanderstraße,1
Erich-Kästner-Straße,1
Erich-Klausener-Straße,1
Ermanstraße,1
Eschenstraße,1
Essener Straße,1
Fafnerstraße,1
Falkentaler Steig,1
Fanningerstraße,1
Fehmanerstraße,1
Fehrbelliner Straße 47b,1
Finkenkruger Straße,1
Firl Straße,1
Fischzug,1
Fischzug 5b,1
Flakenseestraße,1
Flanaganstraße,1
Flemmingstraße,1
Förster-Funke-Allee,1
Forstweg,1
Framstraße,1
Frank-L.-Howley-Weg,1
Franz-Körner-Straße,1
Frauenlobstraße,1
Frauenstraße,1
Fredersdorfer Straße,1
Freiheitsweg,1
Friedrich-Ebert-Straße,1
Friedrich-Franz-Straße,1
Friedrich-Jacobs-Promenade,1
Friedrich-Karl-Straße,1
Friedrich-Wilhelm-Platz,1
Friedrichsbrunner Straße,1
Friedrichshain,1
Friesickestraße,1
Fritschweg,1
Fritz-Elsas-Straße,1
Fröbelstraße,1
Fuerther Straße,1
Fürstenauer Weg,1
Fürstenbrunner Weg,1
Fürstenwalder Allee,1
Fürther Straße,1
Gabelsbergerstraße,1
Gaertner Straße,1
Gaismannshofer Weg,1
Ganghoferstraße,1
Geisbergstraße,1
Geisenheimer Straße,1
Geneststraße,1
Genfenbergstraße,1
Gerdauer Straße,1
Germany,1
Germersheimer Weg,1
Gernotstraße,1
Gerstäckerweg,1
Gertrud-Kolmar-Straße,1
Geusenstraße,1
Gierkezeile,1
Gimpelsteig,1
Glindower Weg,1
Glücksburger Straße,1
Gluecksburger Straße,1
Goerzallee,1
Göllweg,1
Görresstraße,1
Gotlindestraße,1
Gottlieb-Dunkel-Straße,1
Gottschedstraße,1
Gounodstraße,1
Graf-von-Schwerin Straße,1
Granitzstraße,1
Greenwicher Straße,1
Grenadierstraße,1
Grenzstraße,1
Greta-Garbo-Straße,1
Gretelstraße,1
Grimaustraße,1
Grimnitzstraße,1
Grindelwaldweg,1
Gritznerstraße,1
Großstraße,1
Gruberzeile,1
Gruenberger Straße,1
Grünauer Straße,1
Grünbergallee,1
Gubitzstraße 51a,1
Guerickestraße,1
Güldenauer Weg,1
Güntherallee,1
Gürtelstraße 28a,1
Gürtlerweg,1
Gussower Birkenweg,1
Gustav-Adolf-Straße,1
Gutenbergstraße,1
Gutenbergweg,1
Gutzkowstraße,1
Hackenbergstraße,1
Hackerstraße,1
Hackescher Markt,1
Haeselerstraße,1
Hallerstraße,1
Halskestraße,1
Hampsteadstraße,1
Handjerystraße,1
Hannemanstraße,1
Hans-Thoma-Straße,1
Hansastraße,1
Harry-S.-Truman-Allee,1
Hasselwerderstraße,1
Havelberger Straße,1
Haydnstraße,1
Heidebrinker Straße,1
Heidekampweg,1
Heidestraße,1
Heimchenweg,1
Heimgartenstraße,1
Heimsbrunner Straße,1
Heinrich-Mann-Straße,1
Heinz-Kapelle-Straße,1
Hektorstraße,1
Helmerdingstraße,1
Hendrichplatz,1
Hennigsdorfer Straße,1
Henriette-Herz-Platz,1
Herbert-Tschäpe-Straße,1
Herrenhausstraße,1
Hertastraße,1
Hessische Straße,1
Heylstraße,1
Hochstädter Straße,1
Hoffmannstraße,1
Höhndorfstraße,1
Hollaender Straße,1
Horstweg,1
Hranitzkystraße,1
Hubertus Avenue,1
Hübnerstraße,1
Hundekehlestraße,1
Ibsenstraße,1
Illigstraße,1
Im Mühlenfelde,1
In der Lehnmarke,1
Insterburgallee,1
Iranische Straße,1
Jacobsohnstraße,1
Jacobystraße,1
Jägerallee,1
Jakobstraße,1
Jasmunder Straße,1
Joachim-Karnatz-Allee,1
JoachimstalerStraße,1
Jochen-Klepper-Straße,1
Jochen-Nüßler-Straße,1
Johann-Georg-Straße,1
Johannes-R.-Becher-Straße,1
Juelicher Straße,1
Jungfernstieg,1
Jüterboger Straße,1
Kaiser-Wilhelm-Straße,1
Kaiserin-Augusta-Allee,1
Kaiserin-Augusta-Straße,1
Kaiserstraße,1
Kaiserstuhlstraße,1
Karl-Fischer-Weg,1
Karl-Foerster-Straße,1
Karl-Marx Avenue,1
Karl-Marx-Straße 12a,1
Karlsruher Straße,1
Karlstraße,1
Karmeliterweg,1
Käthe-Niederkirchner-Straße 33 4th floor,1
Kaulsdorf-Nord,1
Keibelstraße,1
Kelbraer Straße,1
Kinzigstraße,1
Kissingenstraße,1
Kladower Damm 244b,1
Klamannstraße,1
Klaustaler Straße,1
Kleine Innstraße,1
Kleine Markusstraße,1
Klettenweg,1
Klever Straße,1
Klixstraße,1
Kloedenstraße,1
Koblenzer Straße,1
Koepenicker Straße,1
Köhlerstraße,1
Königsallee,1
Königsheideweg,1
Königstraße,1
Königstraße 67a,1
Königsweg,1
Konrad-Wolf-Straße,1
Konradinstraße,1
Konstanzer Straße,1
Köpenicker Landstraße,1
Krachtstraße,1
Kramstaweg,1
Kressenweg,1
Kreuzberg MarheinekeStraße,1
Kreuzbrucher Straße,1
Kreuzschnabelstraße,1
Krügerstraße,1
Kuehlewein Straße,1
Kunkelstraße,1
Kuno-Fischer-Straße,1
Kurmärkische Straße,1
Küselstraße,1
Lacknerstraße,1
Laehr'scher Jagdweg,1
Länderallee,1
Landgrafenstraße,1
Langobardenallee,1
Lauterbachstraße,1
Lauterberger Straße,1
Lauterstraße,1
Leipziger Platz,1
Lennestraße,1
Lenther Steig,1
Lentzeallee,1
Leo-Slezak-Straße,1
Leonorenstraße,1
Letteallee,1
Leuchnerdamm,1
Levetzowstraße,1
Lexisstraße,1
Liebermannstraße,1
Liebfrauenweg,1
Ligusterweg,1
Lilienthalstraße,1
Lincoln Straße,1
Lindauer Allee,1
Lindauer Straße,1
Linkstraße,1
Löcknitzstraße,1
Loewenhardtdamm,1
Lorcher Straße,1
Loschmidtstraße,1
Lottumstraße 1b,1
Luederitz Straße,1
Luise-Jahn-Straße,1
Luisenplatz,1
Lunder Straße,1
Lutizenstraße,1
M.straße,1
Machnower Straße,1
Magdeburger Platz,1
Maggy-Breittmayer-Pfad,1
Malchower Weg,1
Mandelstraße,1
Mandrellaplatz,1
Margaretenstraße,1
Mariendorfer Weg,1
Markelstraße,1
Markgraf-Albrecht-Straße,1
Märkische Heide,1
Marschnerstraße,1
Martha-Arendsee-Straße,1
Martin-Hoffmann-Straße 7a,1
Matterhornstraße,1
Matthiasstraße,1
May-Ayim-Ufer,1
Maybachstraße,1
Mecklenburgische Straße,1
Medebacher Weg,1
Mehlitzstraße,1
Meierottostraße,1
Meinekestraße,1
Menzelstraße,1
Mertz von Quirnheim Straße,1
Mierendorffstraße,1
Mitte,1
Moeckerstraße,1
Mohriner Allee,1
Moosdorfstraße,1
Moritzstraße,1
Morusstraße,1
Moselstraße,1
Müggelseedamm,1
Mühlengrund,1
Mühlenweg,1
Mussehlstraße,1
nah Stuttgarter Platz,1
Nahe Helmholtzplatz und Eberswalder Straße,1
Nähe Mariannenplatz,1
Nähe S-Bahnhof Grünbergallee,1
Nalepastraße,1
Natalissteig,1
Near S-Bhf Greifswalder Straße,1
Neißestraße,1
Nennhauser Damm,1
Netzestraße,1
Neue Krugallee,1
Neumannstraße,1
Neunkircher Steig,1
Neuwerker Weg,1
Niederneuendorfer Allee,1
Niedstraße,1
Nimrodstraße,1
Nisblestraße,1
Nithackstraße,1
Nohlstraße,1
Nonnendammallee,1
Nordufer,1
Nußbaumallee,1
Nymphenburger Straße,1
Oberbaumstraße,1
Oberfeldstraße,1
Oberhofer Platz,1
Oberlandstraße,1
Oehlertplatz,1
Onckenstraße,1
Opitzstraße,1
Oranienstraße 23 a,1
Orber Straße,1
Ordensmeisterstraße,1
Ortelsburger Allee,1
Ortolfstraße,1
ostkreuz,1
Ostpreußendamm,1
Pallasstraße o.Nr,1
Pankower Allee,1
Pannwitzstraße,1
Pappelallee 32a,1
Paradestraße,1
Parchimer Allee,1
Parkaue,1
Pätzer Straße,1
Paul-Gesche-Straße,1
Paul-Junius-Straße,1
Paul-Tropp-Straße,1
Persiusstraße,1
Petunienweg,1
Pfannschmidtstraße,1
Pfarrer-Jungklaus-Straße,1
Pfarrer-Lenzel-Straße,1
Pillauer Straße,1
Pintschallee,1
Platanenweg,1
Plauener Straße,1
Plönzeile,1
Podbielskiallee,1
Pommersche Straße,1
Poschingerstraße,1
Posthofstraße,1
Poststraße,1
Prinz-Friedrich-Leopold-Straße,1
Prinz-Georg-Straße,1
Prinz-Handjery-Straße,1
Privatstraße,1
Provinzstraße,1
Pueckler Straße,1
Pufendorfstraße,1
Puschkinallee,1
Puttkamerstraße,1
Quäkerstraße,1
Quedlinburger Straße,1
Quellweg,1
Quermatenweg,1
Quittenweg,1
Rabensteiner Straße,1
Radickestraße,1
Ragazer Straße,1
Ramsteinweg,1
Rangsdorfer Straße,1
Rauchstraße,1
Reichenberger Straße 147 Reichenberger Straße,1
Reiherbergstraße,1
Reinbeckstraße,1
Rethelstraße,1
Retzdorffpromenade,1
Richard-Tauber-Damm,1
Richard-Wagner-Straße,1
Richardplatz,1
Riegerzeile,1
Riemenschneiderweg,1
Rietzestraße,1
Rigaer Straße 57a,1
Ringstraße,1
Robert-Siewert-Straße,1
Rodelbergweg,1
Roelckestraße,1
Rollbergstraße,1
Romain-Rolland-Straße,1
Rönnestraße,1
Rönnestraße 5 Rönnestraße,1
Röntgenstraße,1
Rosa-Luxemburg-Platz,1
Rosenfelder Straße,1
Rosenthaler Path,1
Rotbuchenweg,1
Rothenburgstraße,1
Rübelandstraße,1
Rückertstraße,1
Rudolf-von-Gneist-Gasse,1
Rudolstaedter Straße,1
Ruheplatzstraße,1
Rumeyplan,1
Rupprechtstraße,1
Saalestraße,1
Salzachstraße,1
Salzwedeler Straße,1
Sangeallee,1
Säntisstraße,1
Saupeweg,1
Scharfenberger Straße,1
Scharrenstraße,1
Scheiblerstraße,1
Schenkestraße,1
Schilfweg,1
Schlangenbader Straße,1
Schleusenstraße,1
Schlieperstraße,1
Schloss Straße,1
Schmollerplatz,1
Schoenholzer Straße,1
Schoenlein Straße,1
Schoenwalder Straße,1
Schönburgstraße,1
Schöneberger Ufer,1
Schönefelder Straße,1
Schönerlinder Straße,1
Schöneweider Straße,1
Schönhauser Allee 127a,1
Schönhauser Allee 186a,1
Schönholzer Straße 1a,1
Schöningstraße,1
Schönstedtstraße,1
Schöntaler Weg,1
Schräger Weg,1
Schuckertplatz,1
Schuenemann Path,1
Schwalbacher Straße,1
Schwalbenweg,1
Schwielowsee,1
Scottweg,1
Sedanstraße,1
Seelenbinderstraße,1
Seelingstraße,1
Sellinstraße,1
Selma-Lagerlöf-Straße,1
Sensburger Allee,1
Seydlitzstraße,1
Seydliztstraße,1
Sibyllenstraße,1
Sieglindestraße,1
Simon-Dach-Straße 10a,1
Sixtusgarten,1
Skandinavische Straße,1
Sodtkestraße,1
Sommerstraße,1
Sonnenallee / Pannierstraße,1
Sonnenhof,1
Sophie-Charlotte Straße,1
Speerweg,1
Sperlings Alley,1
Sperlingsgasse,1
Spiegelweg,1
Spießweg,1
Spindelstraße,1
Spreewaldplatz,1
Stargardtstraße,1
Starnberger Straße,1
Stasi Museum,1
Steinrückweg,1
Stendaler Straße,1
Stendelweg,1
Stindestraße,1
Stolzenfelsstraße,1
Stralauer Allee 17c,1
Stralauer Allee 35b,1
Stralsunder Straße,1
Strassburger Straße,1
Straße 199 Nr,1
Straße 52 Nr,1
Straße des Friedens,1
Straßeelitzer Straße,1
Stresemann,1
Stresowstraße,1
Stromstraße,1
Stubenrauchstraße,1
Suchlandstraße,1
Suhler Straße,1
Sundgauer Straße,1
Super Close to station Friedrichstraße,1
Tasdorfer Straße,1
Tegeler Weg,1
Tempelherrenstraße,1
Teplitzer Straße,1
Teupitzer Straße,1
Tharandter Straße,1
Theodor-Francke-Straße,1
Therese-Giehse-Straße,1
Thorwaldsenstraße,1
Thrasoltstraße,1
Tiefwerderweg,1
Tiergartenufer,1
Tivoliplatz,1
Toblacher Straße,1
Toeplerstraße,1
Tornowstraße,1
Trachtenbrodtstraße,1
Trappenpfad,1
Trarbacher Straße,1
Treuenbrietzener Straße,1
Tschaikowskistraße,1
U-BAHN,1
Uckermünder Straße,1
Uedersee Straße,1
Ufnaustraße,1
Uhland,1
Ullsteinstraße,1
Unionstraße,1
Unter den Kiefern,1
Unterbaumstraße,1
Urbanstraße 137a,1
Urbanstraße 51 a,1
Urselweg,1
Usedomer Straße,1
Valentinswerder (Insel,1
Veronikasteig,1
Veteranstraße,1
Viktoriastraße,1
Volkmarweg,1
Vorarlberger Damm,1
Vorbergstraße,1
Voßbergstraße,1
Wacholderweg,1
Wachsmuthstraße,1
Waghäuseler Straße,1
Waldeyerstraße,1
Waldmannstraße,1
Waldsassener Straße,1
Wall am Kiez,1
Walter-Klausch-Straße,1
Walterstraße,1
Walther-Rathenau-Straße,1
Wasgenstraße,1
Wassertorstraße,1
Weberstraße,1
Wederstraße,1
Weimarer Straße,1
Weinbergstraße,1
Weiselpfad,1
Wendenschloßstraße,1
Werbellin Straße,1
Werfelstraße,1
Westerlandstraße,1
Westfälische Straße,1
Wiecker Straße,1
Wikingerufer,1
Wildenbruch Square,1
Wildrosengehölz,1
Wilhelm-Blos-Straße,1
Wilhelm-Leuschner-Straße,1
Wilhelm-Pasewaldt-Straße,1
Willestraße,1
Wintersteinstraße,1
Wissensvermittlung,1
Wissler Straße,1
Witzlebenplatz,1
Witzlebenstraße,1
Woelckpromenade,1
Woennich Straße,1
Wohnung,1
Woldegker Straße,1
Wormser Straße,1
Wriezener Karree,1
Wuehlisch Straße,1
Wullenweberstraße,1
Wünsdorfer Straße,1
Württembergallee,1
Wüsthoffstraße,1
Zechliner Straße,1
Zehlendorfer Damm,1
Zeisigstraße,1
Zeppelinstraße,1
Ziegelstraße,1
Zillertalstraße,1
Zimmermannstraße,1
Zolastraße,1
Zoppoter Straße,1
Zum Alten Landrat,1
Zum Strandbad,1
Zwischen Kudamm und Stuttgarter Platz,1
Германштрассе,1
Гуинеаштрассе,1
Целендорф,1
(blank),164